{
  "/Users/mantosh/Documents/Code/Interview-Git/interview/Lamda/sample-node-app": {
    "versionSfCore": null,
    "versionFramework": "4.1.21",
    "isWithinCompose": false,
    "isCompose": false,
    "composeOrgName": null,
    "composeResolverProviders": {
      "aws": {
        "instance": {
          "credentials": "<REDACTED>",
          "serviceConfigFile": {
            "org": "nectron",
            "app": "node-express",
            "service": "node-express-lambda",
            "provider": {
              "name": "aws",
              "runtime": "nodejs20.x",
              "stage": "dev",
              "region": "ap-south-1",
              "versionFunctions": true,
              "compiledCloudFormationTemplate": {
                "AWSTemplateFormatVersion": "2010-09-09",
                "Description": "The AWS CloudFormation template for this Serverless application",
                "Resources": {
                  "ServerlessDeploymentBucket": {
                    "Type": "AWS::S3::Bucket",
                    "Properties": {
                      "BucketEncryption": {
                        "ServerSideEncryptionConfiguration": [
                          {
                            "ServerSideEncryptionByDefault": {
                              "SSEAlgorithm": "AES256"
                            }
                          }
                        ]
                      }
                    }
                  },
                  "ServerlessDeploymentBucketPolicy": {
                    "Type": "AWS::S3::BucketPolicy",
                    "Properties": {
                      "Bucket": {
                        "Ref": "ServerlessDeploymentBucket"
                      },
                      "PolicyDocument": {
                        "Statement": [
                          {
                            "Action": "s3:*",
                            "Effect": "Deny",
                            "Principal": "*",
                            "Resource": [
                              {
                                "Fn::Join": [
                                  "",
                                  [
                                    "arn:",
                                    {
                                      "Ref": "AWS::Partition"
                                    },
                                    ":s3:::",
                                    {
                                      "Ref": "ServerlessDeploymentBucket"
                                    },
                                    "/*"
                                  ]
                                ]
                              },
                              {
                                "Fn::Join": [
                                  "",
                                  [
                                    "arn:",
                                    {
                                      "Ref": "AWS::Partition"
                                    },
                                    ":s3:::",
                                    {
                                      "Ref": "ServerlessDeploymentBucket"
                                    }
                                  ]
                                ]
                              }
                            ],
                            "Condition": {
                              "Bool": {
                                "aws:SecureTransport": false
                              }
                            }
                          }
                        ]
                      }
                    }
                  },
                  "ApiLogGroup": {
                    "Type": "AWS::Logs::LogGroup",
                    "Properties": {
                      "LogGroupName": "/aws/lambda/node-express-lambda-dev-api"
                    }
                  },
                  "IamRoleLambdaExecution": {
                    "Type": "AWS::IAM::Role",
                    "Properties": {
                      "AssumeRolePolicyDocument": {
                        "Version": "2012-10-17",
                        "Statement": [
                          {
                            "Effect": "Allow",
                            "Principal": {
                              "Service": [
                                "lambda.amazonaws.com"
                              ]
                            },
                            "Action": [
                              "sts:AssumeRole"
                            ]
                          }
                        ]
                      },
                      "Policies": [
                        {
                          "PolicyName": {
                            "Fn::Join": [
                              "-",
                              [
                                "node-express-lambda",
                                "dev",
                                "lambda"
                              ]
                            ]
                          },
                          "PolicyDocument": {
                            "Version": "2012-10-17",
                            "Statement": [
                              {
                                "Effect": "Allow",
                                "Action": [
                                  "logs:CreateLogStream",
                                  "logs:CreateLogGroup",
                                  "logs:TagResource"
                                ],
                                "Resource": [
                                  {
                                    "Fn::Sub": "arn:${AWS::Partition}:logs:${AWS::Region}:${AWS::AccountId}:log-group:/aws/lambda/node-express-lambda-dev*:*"
                                  }
                                ]
                              },
                              {
                                "Effect": "Allow",
                                "Action": [
                                  "logs:PutLogEvents"
                                ],
                                "Resource": [
                                  {
                                    "Fn::Sub": "arn:${AWS::Partition}:logs:${AWS::Region}:${AWS::AccountId}:log-group:/aws/lambda/node-express-lambda-dev*:*:*"
                                  }
                                ]
                              }
                            ]
                          }
                        }
                      ],
                      "Path": "/",
                      "RoleName": {
                        "Fn::Join": [
                          "-",
                          [
                            "node-express-lambda",
                            "dev",
                            {
                              "Ref": "AWS::Region"
                            },
                            "lambdaRole"
                          ]
                        ]
                      }
                    }
                  },
                  "ApiLambdaFunction": {
                    "Type": "AWS::Lambda::Function",
                    "Properties": {
                      "Code": {
                        "S3Bucket": {
                          "Ref": "ServerlessDeploymentBucket"
                        },
                        "S3Key": "serverless/node-express-lambda/dev/1723356498939-2024-08-11T06:08:18.939Z/node-express-lambda.zip"
                      },
                      "Handler": "handler.handler",
                      "Runtime": "nodejs20.x",
                      "FunctionName": "node-express-lambda-dev-api",
                      "MemorySize": 1024,
                      "Timeout": 6,
                      "Role": {
                        "Fn::GetAtt": [
                          "IamRoleLambdaExecution",
                          "Arn"
                        ]
                      }
                    },
                    "DependsOn": [
                      "ApiLogGroup"
                    ]
                  },
                  "ApiLambdaVersionLalwUDpvhMrJ1qHbO3GTp4gfN1BcjH9tGEV4A1nDWA": {
                    "Type": "AWS::Lambda::Version",
                    "DeletionPolicy": "Retain",
                    "Properties": {
                      "FunctionName": {
                        "Ref": "ApiLambdaFunction"
                      },
                      "CodeSha256": "jhdnQyb63PDv4osC6Kss7+c3vy/hInzF5foqIbqm66c="
                    }
                  },
                  "ApiGatewayRestApi": {
                    "Type": "AWS::ApiGateway::RestApi",
                    "Properties": {
                      "Name": "dev-node-express-lambda",
                      "EndpointConfiguration": {
                        "Types": [
                          "EDGE"
                        ]
                      },
                      "Policy": ""
                    }
                  },
                  "ApiGatewayResourceProxyVar": {
                    "Type": "AWS::ApiGateway::Resource",
                    "Properties": {
                      "ParentId": {
                        "Fn::GetAtt": [
                          "ApiGatewayRestApi",
                          "RootResourceId"
                        ]
                      },
                      "PathPart": "{proxy+}",
                      "RestApiId": {
                        "Ref": "ApiGatewayRestApi"
                      }
                    }
                  },
                  "ApiGatewayMethodProxyVarAny": {
                    "Type": "AWS::ApiGateway::Method",
                    "Properties": {
                      "HttpMethod": "ANY",
                      "RequestParameters": {},
                      "ResourceId": {
                        "Ref": "ApiGatewayResourceProxyVar"
                      },
                      "RestApiId": {
                        "Ref": "ApiGatewayRestApi"
                      },
                      "ApiKeyRequired": "<REDACTED>",
                      "AuthorizationType": "NONE",
                      "Integration": {
                        "IntegrationHttpMethod": "POST",
                        "Type": "AWS_PROXY",
                        "Uri": {
                          "Fn::Join": [
                            "",
                            [
                              "arn:",
                              {
                                "Ref": "AWS::Partition"
                              },
                              ":apigateway:",
                              {
                                "Ref": "AWS::Region"
                              },
                              ":lambda:path/2015-03-31/functions/",
                              {
                                "Fn::GetAtt": [
                                  "ApiLambdaFunction",
                                  "Arn"
                                ]
                              },
                              "/invocations"
                            ]
                          ]
                        }
                      },
                      "MethodResponses": []
                    },
                    "DependsOn": [
                      "ApiLambdaPermissionApiGateway"
                    ]
                  },
                  "ApiGatewayMethodAny": {
                    "Type": "AWS::ApiGateway::Method",
                    "Properties": {
                      "HttpMethod": "ANY",
                      "RequestParameters": {},
                      "ResourceId": {
                        "Fn::GetAtt": [
                          "ApiGatewayRestApi",
                          "RootResourceId"
                        ]
                      },
                      "RestApiId": {
                        "Ref": "ApiGatewayRestApi"
                      },
                      "ApiKeyRequired": "<REDACTED>",
                      "AuthorizationType": "NONE",
                      "Integration": {
                        "IntegrationHttpMethod": "POST",
                        "Type": "AWS_PROXY",
                        "Uri": {
                          "Fn::Join": [
                            "",
                            [
                              "arn:",
                              {
                                "Ref": "AWS::Partition"
                              },
                              ":apigateway:",
                              {
                                "Ref": "AWS::Region"
                              },
                              ":lambda:path/2015-03-31/functions/",
                              {
                                "Fn::GetAtt": [
                                  "ApiLambdaFunction",
                                  "Arn"
                                ]
                              },
                              "/invocations"
                            ]
                          ]
                        }
                      },
                      "MethodResponses": []
                    },
                    "DependsOn": [
                      "ApiLambdaPermissionApiGateway"
                    ]
                  },
                  "ApiGatewayDeployment1723356498235": {
                    "Type": "AWS::ApiGateway::Deployment",
                    "Properties": {
                      "RestApiId": {
                        "Ref": "ApiGatewayRestApi"
                      },
                      "StageName": "dev"
                    },
                    "DependsOn": [
                      "ApiGatewayMethodProxyVarAny",
                      "ApiGatewayMethodAny"
                    ]
                  },
                  "ApiLambdaPermissionApiGateway": {
                    "Type": "AWS::Lambda::Permission",
                    "Properties": {
                      "FunctionName": {
                        "Fn::GetAtt": [
                          "ApiLambdaFunction",
                          "Arn"
                        ]
                      },
                      "Action": "lambda:InvokeFunction",
                      "Principal": "apigateway.amazonaws.com",
                      "SourceArn": {
                        "Fn::Join": [
                          "",
                          [
                            "arn:",
                            {
                              "Ref": "AWS::Partition"
                            },
                            ":execute-api:",
                            {
                              "Ref": "AWS::Region"
                            },
                            ":",
                            {
                              "Ref": "AWS::AccountId"
                            },
                            ":",
                            {
                              "Ref": "ApiGatewayRestApi"
                            },
                            "/*/*"
                          ]
                        ]
                      }
                    }
                  },
                  "MyS3Bucket": {
                    "Type": "AWS::S3::Bucket",
                    "Properties": {
                      "BucketName": "serverless-mantosh"
                    }
                  }
                },
                "Outputs": {
                  "ServerlessDeploymentBucketName": {
                    "Value": {
                      "Ref": "ServerlessDeploymentBucket"
                    },
                    "Export": {
                      "Name": "sls-node-express-lambda-dev-ServerlessDeploymentBucketName"
                    }
                  },
                  "ApiLambdaFunctionQualifiedArn": {
                    "Description": "Current Lambda function version",
                    "Value": {
                      "Ref": "ApiLambdaVersionLalwUDpvhMrJ1qHbO3GTp4gfN1BcjH9tGEV4A1nDWA"
                    },
                    "Export": {
                      "Name": "sls-node-express-lambda-dev-ApiLambdaFunctionQualifiedArn"
                    }
                  },
                  "ServiceEndpoint": {
                    "Description": "URL of the service endpoint",
                    "Value": {
                      "Fn::Join": [
                        "",
                        [
                          "https://",
                          {
                            "Ref": "ApiGatewayRestApi"
                          },
                          ".execute-api.",
                          {
                            "Ref": "AWS::Region"
                          },
                          ".",
                          {
                            "Ref": "AWS::URLSuffix"
                          },
                          "/dev"
                        ]
                      ]
                    },
                    "Export": {
                      "Name": "sls-node-express-lambda-dev-ServiceEndpoint"
                    }
                  }
                }
              },
              "coreCloudFormationTemplate": {
                "AWSTemplateFormatVersion": "2010-09-09",
                "Description": "The AWS CloudFormation template for this Serverless application",
                "Resources": {
                  "ServerlessDeploymentBucket": {
                    "Type": "AWS::S3::Bucket",
                    "Properties": {
                      "BucketEncryption": {
                        "ServerSideEncryptionConfiguration": [
                          {
                            "ServerSideEncryptionByDefault": {
                              "SSEAlgorithm": "AES256"
                            }
                          }
                        ]
                      }
                    }
                  },
                  "ServerlessDeploymentBucketPolicy": {
                    "Type": "AWS::S3::BucketPolicy",
                    "Properties": {
                      "Bucket": {
                        "Ref": "ServerlessDeploymentBucket"
                      },
                      "PolicyDocument": {
                        "Statement": [
                          {
                            "Action": "s3:*",
                            "Effect": "Deny",
                            "Principal": "*",
                            "Resource": [
                              {
                                "Fn::Join": [
                                  "",
                                  [
                                    "arn:",
                                    {
                                      "Ref": "AWS::Partition"
                                    },
                                    ":s3:::",
                                    {
                                      "Ref": "ServerlessDeploymentBucket"
                                    },
                                    "/*"
                                  ]
                                ]
                              },
                              {
                                "Fn::Join": [
                                  "",
                                  [
                                    "arn:",
                                    {
                                      "Ref": "AWS::Partition"
                                    },
                                    ":s3:::",
                                    {
                                      "Ref": "ServerlessDeploymentBucket"
                                    }
                                  ]
                                ]
                              }
                            ],
                            "Condition": {
                              "Bool": {
                                "aws:SecureTransport": false
                              }
                            }
                          }
                        ]
                      }
                    }
                  }
                },
                "Outputs": {
                  "ServerlessDeploymentBucketName": {
                    "Value": {
                      "Ref": "ServerlessDeploymentBucket"
                    }
                  }
                }
              },
              "vpc": {}
            },
            "functions": {
              "api": {
                "handler": "handler.handler",
                "events": [
                  {
                    "http": "ANY /{proxy+}"
                  },
                  {
                    "http": "ANY /"
                  }
                ],
                "name": "node-express-lambda-dev-api",
                "package": {},
                "memory": 1024,
                "timeout": 6,
                "runtime": "nodejs20.x",
                "vpc": {},
                "versionLogicalId": "ApiLambdaVersionLalwUDpvhMrJ1qHbO3GTp4gfN1BcjH9tGEV4A1nDWA"
              }
            },
            "resources": {
              "Resources": {
                "MyS3Bucket": {
                  "Type": "AWS::S3::Bucket",
                  "Properties": {
                    "BucketName": "serverless-mantosh"
                  }
                }
              },
              "Outputs": {}
            }
          },
          "configFileDirPath": "/Users/mantosh/Documents/Code/Interview-Git/interview/Lamda/sample-node-app",
          "config": {
            "type": "aws"
          },
          "options": {},
          "stage": "dev",
          "dashboard": null,
          "isDefaultConfig": true
        },
        "resolvers": {}
      }
    },
    "composeServiceName": null,
    "servicePath": "/Users/mantosh/Documents/Code/Interview-Git/interview/Lamda/sample-node-app",
    "serviceConfigFileName": "serverless.yml",
    "service": {
      "org": "nectron",
      "app": "node-express",
      "service": "node-express-lambda",
      "provider": {
        "name": "aws",
        "runtime": "nodejs20.x",
        "stage": "dev",
        "region": "ap-south-1",
        "versionFunctions": true,
        "compiledCloudFormationTemplate": {
          "AWSTemplateFormatVersion": "2010-09-09",
          "Description": "The AWS CloudFormation template for this Serverless application",
          "Resources": {
            "ServerlessDeploymentBucket": {
              "Type": "AWS::S3::Bucket",
              "Properties": {
                "BucketEncryption": {
                  "ServerSideEncryptionConfiguration": [
                    {
                      "ServerSideEncryptionByDefault": {
                        "SSEAlgorithm": "AES256"
                      }
                    }
                  ]
                }
              }
            },
            "ServerlessDeploymentBucketPolicy": {
              "Type": "AWS::S3::BucketPolicy",
              "Properties": {
                "Bucket": {
                  "Ref": "ServerlessDeploymentBucket"
                },
                "PolicyDocument": {
                  "Statement": [
                    {
                      "Action": "s3:*",
                      "Effect": "Deny",
                      "Principal": "*",
                      "Resource": [
                        {
                          "Fn::Join": [
                            "",
                            [
                              "arn:",
                              {
                                "Ref": "AWS::Partition"
                              },
                              ":s3:::",
                              {
                                "Ref": "ServerlessDeploymentBucket"
                              },
                              "/*"
                            ]
                          ]
                        },
                        {
                          "Fn::Join": [
                            "",
                            [
                              "arn:",
                              {
                                "Ref": "AWS::Partition"
                              },
                              ":s3:::",
                              {
                                "Ref": "ServerlessDeploymentBucket"
                              }
                            ]
                          ]
                        }
                      ],
                      "Condition": {
                        "Bool": {
                          "aws:SecureTransport": false
                        }
                      }
                    }
                  ]
                }
              }
            },
            "ApiLogGroup": {
              "Type": "AWS::Logs::LogGroup",
              "Properties": {
                "LogGroupName": "/aws/lambda/node-express-lambda-dev-api"
              }
            },
            "IamRoleLambdaExecution": {
              "Type": "AWS::IAM::Role",
              "Properties": {
                "AssumeRolePolicyDocument": {
                  "Version": "2012-10-17",
                  "Statement": [
                    {
                      "Effect": "Allow",
                      "Principal": {
                        "Service": [
                          "lambda.amazonaws.com"
                        ]
                      },
                      "Action": [
                        "sts:AssumeRole"
                      ]
                    }
                  ]
                },
                "Policies": [
                  {
                    "PolicyName": {
                      "Fn::Join": [
                        "-",
                        [
                          "node-express-lambda",
                          "dev",
                          "lambda"
                        ]
                      ]
                    },
                    "PolicyDocument": {
                      "Version": "2012-10-17",
                      "Statement": [
                        {
                          "Effect": "Allow",
                          "Action": [
                            "logs:CreateLogStream",
                            "logs:CreateLogGroup",
                            "logs:TagResource"
                          ],
                          "Resource": [
                            {
                              "Fn::Sub": "arn:${AWS::Partition}:logs:${AWS::Region}:${AWS::AccountId}:log-group:/aws/lambda/node-express-lambda-dev*:*"
                            }
                          ]
                        },
                        {
                          "Effect": "Allow",
                          "Action": [
                            "logs:PutLogEvents"
                          ],
                          "Resource": [
                            {
                              "Fn::Sub": "arn:${AWS::Partition}:logs:${AWS::Region}:${AWS::AccountId}:log-group:/aws/lambda/node-express-lambda-dev*:*:*"
                            }
                          ]
                        }
                      ]
                    }
                  }
                ],
                "Path": "/",
                "RoleName": {
                  "Fn::Join": [
                    "-",
                    [
                      "node-express-lambda",
                      "dev",
                      {
                        "Ref": "AWS::Region"
                      },
                      "lambdaRole"
                    ]
                  ]
                }
              }
            },
            "ApiLambdaFunction": {
              "Type": "AWS::Lambda::Function",
              "Properties": {
                "Code": {
                  "S3Bucket": {
                    "Ref": "ServerlessDeploymentBucket"
                  },
                  "S3Key": "serverless/node-express-lambda/dev/1723356498939-2024-08-11T06:08:18.939Z/node-express-lambda.zip"
                },
                "Handler": "handler.handler",
                "Runtime": "nodejs20.x",
                "FunctionName": "node-express-lambda-dev-api",
                "MemorySize": 1024,
                "Timeout": 6,
                "Role": {
                  "Fn::GetAtt": [
                    "IamRoleLambdaExecution",
                    "Arn"
                  ]
                }
              },
              "DependsOn": [
                "ApiLogGroup"
              ]
            },
            "ApiLambdaVersionLalwUDpvhMrJ1qHbO3GTp4gfN1BcjH9tGEV4A1nDWA": {
              "Type": "AWS::Lambda::Version",
              "DeletionPolicy": "Retain",
              "Properties": {
                "FunctionName": {
                  "Ref": "ApiLambdaFunction"
                },
                "CodeSha256": "jhdnQyb63PDv4osC6Kss7+c3vy/hInzF5foqIbqm66c="
              }
            },
            "ApiGatewayRestApi": {
              "Type": "AWS::ApiGateway::RestApi",
              "Properties": {
                "Name": "dev-node-express-lambda",
                "EndpointConfiguration": {
                  "Types": [
                    "EDGE"
                  ]
                },
                "Policy": ""
              }
            },
            "ApiGatewayResourceProxyVar": {
              "Type": "AWS::ApiGateway::Resource",
              "Properties": {
                "ParentId": {
                  "Fn::GetAtt": [
                    "ApiGatewayRestApi",
                    "RootResourceId"
                  ]
                },
                "PathPart": "{proxy+}",
                "RestApiId": {
                  "Ref": "ApiGatewayRestApi"
                }
              }
            },
            "ApiGatewayMethodProxyVarAny": {
              "Type": "AWS::ApiGateway::Method",
              "Properties": {
                "HttpMethod": "ANY",
                "RequestParameters": {},
                "ResourceId": {
                  "Ref": "ApiGatewayResourceProxyVar"
                },
                "RestApiId": {
                  "Ref": "ApiGatewayRestApi"
                },
                "ApiKeyRequired": "<REDACTED>",
                "AuthorizationType": "NONE",
                "Integration": {
                  "IntegrationHttpMethod": "POST",
                  "Type": "AWS_PROXY",
                  "Uri": {
                    "Fn::Join": [
                      "",
                      [
                        "arn:",
                        {
                          "Ref": "AWS::Partition"
                        },
                        ":apigateway:",
                        {
                          "Ref": "AWS::Region"
                        },
                        ":lambda:path/2015-03-31/functions/",
                        {
                          "Fn::GetAtt": [
                            "ApiLambdaFunction",
                            "Arn"
                          ]
                        },
                        "/invocations"
                      ]
                    ]
                  }
                },
                "MethodResponses": []
              },
              "DependsOn": [
                "ApiLambdaPermissionApiGateway"
              ]
            },
            "ApiGatewayMethodAny": {
              "Type": "AWS::ApiGateway::Method",
              "Properties": {
                "HttpMethod": "ANY",
                "RequestParameters": {},
                "ResourceId": {
                  "Fn::GetAtt": [
                    "ApiGatewayRestApi",
                    "RootResourceId"
                  ]
                },
                "RestApiId": {
                  "Ref": "ApiGatewayRestApi"
                },
                "ApiKeyRequired": "<REDACTED>",
                "AuthorizationType": "NONE",
                "Integration": {
                  "IntegrationHttpMethod": "POST",
                  "Type": "AWS_PROXY",
                  "Uri": {
                    "Fn::Join": [
                      "",
                      [
                        "arn:",
                        {
                          "Ref": "AWS::Partition"
                        },
                        ":apigateway:",
                        {
                          "Ref": "AWS::Region"
                        },
                        ":lambda:path/2015-03-31/functions/",
                        {
                          "Fn::GetAtt": [
                            "ApiLambdaFunction",
                            "Arn"
                          ]
                        },
                        "/invocations"
                      ]
                    ]
                  }
                },
                "MethodResponses": []
              },
              "DependsOn": [
                "ApiLambdaPermissionApiGateway"
              ]
            },
            "ApiGatewayDeployment1723356498235": {
              "Type": "AWS::ApiGateway::Deployment",
              "Properties": {
                "RestApiId": {
                  "Ref": "ApiGatewayRestApi"
                },
                "StageName": "dev"
              },
              "DependsOn": [
                "ApiGatewayMethodProxyVarAny",
                "ApiGatewayMethodAny"
              ]
            },
            "ApiLambdaPermissionApiGateway": {
              "Type": "AWS::Lambda::Permission",
              "Properties": {
                "FunctionName": {
                  "Fn::GetAtt": [
                    "ApiLambdaFunction",
                    "Arn"
                  ]
                },
                "Action": "lambda:InvokeFunction",
                "Principal": "apigateway.amazonaws.com",
                "SourceArn": {
                  "Fn::Join": [
                    "",
                    [
                      "arn:",
                      {
                        "Ref": "AWS::Partition"
                      },
                      ":execute-api:",
                      {
                        "Ref": "AWS::Region"
                      },
                      ":",
                      {
                        "Ref": "AWS::AccountId"
                      },
                      ":",
                      {
                        "Ref": "ApiGatewayRestApi"
                      },
                      "/*/*"
                    ]
                  ]
                }
              }
            },
            "MyS3Bucket": {
              "Type": "AWS::S3::Bucket",
              "Properties": {
                "BucketName": "serverless-mantosh"
              }
            }
          },
          "Outputs": {
            "ServerlessDeploymentBucketName": {
              "Value": {
                "Ref": "ServerlessDeploymentBucket"
              },
              "Export": {
                "Name": "sls-node-express-lambda-dev-ServerlessDeploymentBucketName"
              }
            },
            "ApiLambdaFunctionQualifiedArn": {
              "Description": "Current Lambda function version",
              "Value": {
                "Ref": "ApiLambdaVersionLalwUDpvhMrJ1qHbO3GTp4gfN1BcjH9tGEV4A1nDWA"
              },
              "Export": {
                "Name": "sls-node-express-lambda-dev-ApiLambdaFunctionQualifiedArn"
              }
            },
            "ServiceEndpoint": {
              "Description": "URL of the service endpoint",
              "Value": {
                "Fn::Join": [
                  "",
                  [
                    "https://",
                    {
                      "Ref": "ApiGatewayRestApi"
                    },
                    ".execute-api.",
                    {
                      "Ref": "AWS::Region"
                    },
                    ".",
                    {
                      "Ref": "AWS::URLSuffix"
                    },
                    "/dev"
                  ]
                ]
              },
              "Export": {
                "Name": "sls-node-express-lambda-dev-ServiceEndpoint"
              }
            }
          }
        },
        "coreCloudFormationTemplate": {
          "AWSTemplateFormatVersion": "2010-09-09",
          "Description": "The AWS CloudFormation template for this Serverless application",
          "Resources": {
            "ServerlessDeploymentBucket": {
              "Type": "AWS::S3::Bucket",
              "Properties": {
                "BucketEncryption": {
                  "ServerSideEncryptionConfiguration": [
                    {
                      "ServerSideEncryptionByDefault": {
                        "SSEAlgorithm": "AES256"
                      }
                    }
                  ]
                }
              }
            },
            "ServerlessDeploymentBucketPolicy": {
              "Type": "AWS::S3::BucketPolicy",
              "Properties": {
                "Bucket": {
                  "Ref": "ServerlessDeploymentBucket"
                },
                "PolicyDocument": {
                  "Statement": [
                    {
                      "Action": "s3:*",
                      "Effect": "Deny",
                      "Principal": "*",
                      "Resource": [
                        {
                          "Fn::Join": [
                            "",
                            [
                              "arn:",
                              {
                                "Ref": "AWS::Partition"
                              },
                              ":s3:::",
                              {
                                "Ref": "ServerlessDeploymentBucket"
                              },
                              "/*"
                            ]
                          ]
                        },
                        {
                          "Fn::Join": [
                            "",
                            [
                              "arn:",
                              {
                                "Ref": "AWS::Partition"
                              },
                              ":s3:::",
                              {
                                "Ref": "ServerlessDeploymentBucket"
                              }
                            ]
                          ]
                        }
                      ],
                      "Condition": {
                        "Bool": {
                          "aws:SecureTransport": false
                        }
                      }
                    }
                  ]
                }
              }
            }
          },
          "Outputs": {
            "ServerlessDeploymentBucketName": {
              "Value": {
                "Ref": "ServerlessDeploymentBucket"
              }
            }
          }
        },
        "vpc": {}
      },
      "functions": {
        "api": {
          "handler": "handler.handler",
          "events": [
            {
              "http": "ANY /{proxy+}"
            },
            {
              "http": "ANY /"
            }
          ],
          "name": "node-express-lambda-dev-api",
          "package": {},
          "memory": 1024,
          "timeout": 6,
          "runtime": "nodejs20.x",
          "vpc": {},
          "versionLogicalId": "ApiLambdaVersionLalwUDpvhMrJ1qHbO3GTp4gfN1BcjH9tGEV4A1nDWA"
        }
      },
      "resources": {
        "Resources": {
          "MyS3Bucket": {
            "Type": "AWS::S3::Bucket",
            "Properties": {
              "BucketName": "serverless-mantosh"
            }
          }
        },
        "Outputs": {}
      }
    },
    "serviceRawFile": "# \"org\" ensures this Service is used with the correct Serverless Framework Access Key.\norg: nectron\n# \"app\" enables Serverless Framework Dashboard features and sharing them with other Services.\napp: node-express\n# \"service\" is the name of this project. This will also be added to your AWS resource names.\nservice: node-express-lambda\n\nprovider:\n  name: aws\n  runtime: nodejs20.x\n  stage: dev\n  region: ap-south-1\nfunctions:\n  api:\n    handler: handler.handler\n    events:\n      - http: ANY /{proxy+}\n      - http: ANY /\nresources:\n  Resources:\n    MyS3Bucket:\n      Type: AWS::S3::Bucket\n      Properties:\n        BucketName: serverless-mantosh\n",
    "command": [
      "deploy"
    ],
    "options": {},
    "error": {
      "message": "An error occurred: ServerlessDeploymentBucket - Resource handler returned message: \"Access Denied (Service: S3, Status Code: 403, Request ID: 23T72XRY67Y4TPZ6, Extended Request ID: OBPg4dB3BbodjhGUQsrb2Tt326ni34P+JnS/jzZpSsNfrWr5gftMg8wtNXoOHU3P+jzMMCRiLlY=)\" (RequestToken: 4908e148-6934-0996-395f-5cbc43773cad, HandlerErrorCode: GeneralServiceException).",
      "stack": "ServerlessError2: An error occurred: ServerlessDeploymentBucket - Resource handler returned message: \"Access Denied (Service: S3, Status Code: 403, Request ID: 23T72XRY67Y4TPZ6, Extended Request ID: OBPg4dB3BbodjhGUQsrb2Tt326ni34P+JnS/jzZpSsNfrWr5gftMg8wtNXoOHU3P+jzMMCRiLlY=)\" (RequestToken: 4908e148-6934-0996-395f-5cbc43773cad, HandlerErrorCode: GeneralServiceException).\n    at file:///Users/mantosh/.serverless/releases/4.1.21/package/dist/sf-core.js:698:830\n    at process.processTicksAndRejections (node:internal/process/task_queues:95:5)\n    at async AwsDeploy.create (file:///Users/mantosh/.serverless/releases/4.1.21/package/dist/sf-core.js:698:10215)\n    at async PluginManager.runHooks (file:///Users/mantosh/.serverless/releases/4.1.21/package/dist/sf-core.js:895:9309)\n    at async PluginManager.invoke (file:///Users/mantosh/.serverless/releases/4.1.21/package/dist/sf-core.js:895:10080)\n    at async PluginManager.spawn (file:///Users/mantosh/.serverless/releases/4.1.21/package/dist/sf-core.js:895:10441)\n    at async PluginManager.runHooks (file:///Users/mantosh/.serverless/releases/4.1.21/package/dist/sf-core.js:895:9309)\n    at async PluginManager.invoke (file:///Users/mantosh/.serverless/releases/4.1.21/package/dist/sf-core.js:895:10080)\n    at async PluginManager.run (file:///Users/mantosh/.serverless/releases/4.1.21/package/dist/sf-core.js:895:10811)\n    at async Serverless.run (file:///Users/mantosh/.serverless/releases/4.1.21/package/dist/sf-core.js:902:10463)",
      "code": "AWS_CLOUD_FORMATION_CREATE_STACK_INTERNAL_S3_BUCKET_CREATE_FAILED"
    },
    "params": {},
    "machineId": "7ec4bda10bdf50fbd05ca9fe555a934b",
    "accessKeyV2": "<REDACTED>",
    "accessKeyV1": "<REDACTED>",
    "orgId": "5b43cda9-de8a-42e0-98da-66a6d3ec82dc",
    "orgName": "nectron",
    "userId": "9KrVw4hN5RHN85LvPR",
    "dashboard": {
      "isEnabledForService": true,
      "requiredAuthentication": false,
      "orgFeaturesInUse": {
        "providers": false,
        "monitoring": false
      },
      "orgObservabilityIntegrations": null,
      "serviceAppId": "hBRNZDgh6BpGxt4qnx",
      "serviceProvider": null,
      "instanceParameters": null
    },
    "userName": "nectron",
    "subscription": null,
    "userEmail": "mantosh003rnc@gmail.com",
    "serviceProviderAwsCredentials": "<REDACTED>",
    "serviceProviderAwsAccountId": "030751081728",
    "versionSf": "4.1.21",
    "serviceProviderAwsCfStackName": "node-express-lambda-dev",
    "serviceProviderAwsCfStackId": "arn:aws:cloudformation:ap-south-1:030751081728:stack/node-express-lambda-dev/1b608f90-57a8-11ef-be69-06d2e9819a1b",
    "serviceProviderAwsCfStackCreated": "2024-08-11T06:08:19.768Z",
    "serviceProviderAwsCfStackUpdated": null,
    "serviceProviderAwsCfStackStatus": "DELETE_IN_PROGRESS",
    "serviceProviderAwsCfStackOutputs": null
  },
  "unknown": {
    "versionSfCore": null,
    "versionFramework": "4.1.21",
    "isWithinCompose": false,
    "composeOrgName": null,
    "composeServiceName": null,
    "command": [],
    "options": {},
    "error": null,
    "machineId": "7ec4bda10bdf50fbd05ca9fe555a934b",
    "serviceProviderAwsCfStackId": null,
    "serviceProviderAwsCfStackCreated": null,
    "serviceProviderAwsCfStackUpdated": null,
    "serviceProviderAwsCfStackStatus": null,
    "serviceProviderAwsCfStackOutputs": null
  }
}